RingID,HoleID,Length,Total Length,Dip,DipOpposite,Dump,BT,Uphole,Offset,CollarOffset,CollarOffset Vertical,Charge Collar,Charge Length,Charge Length Total,Ungassed Charge Length,Ungassed Charge Length Total,Ungassed Collar Length,Ungassed Collar Length Total,Charge Toe,Explosive Name,Explosive Amount,Explosive Amount Total,Diameter,Subdrill,Delay,Primers,Primers(Toe),Primers(Col),Boosters,Boosters(Toe),Boosters(Col),CollarXYZ,CollarX,CollarY,CollarZ,ToeXYZ,ToeX,ToeY,ToeZ,ActualDrilled,Comments,Other,Rig,SampleHole,Pivot,PivotHeight,PivotHeightVertical,NoOfRods,NoOfRodsReal,Remote,SubRemote,TrueAzimuth,TrueDip,AzimuthOffset,Detonator
S1S,H1,8.8666,8.8666,355.4790,4.5210,0.0000,N,N,L3.1826,L3.3685,5.0340,0.5000,EMULSION 1.12[8.3666],8.3666,EMULSION 1.12[8.3666],8.3666,EMULSION 1.12[0.5000],0.5000,8.8666,EMULSION 1.12,EMULSION 1.12[42.5096],42.5096,76 mm,0.0000,0.0000,1,1.0000[0],7.8666[0],0,,,{6909.5984:-23440.2247:-1046.4985},6909.5984,-23440.2247,-1046.4985,{6910.1338:-23440.6739:-1037.6595},6910.1338,-23440.6739,-1037.6595,0.0000,,,SIMBA S7-D,N,6,2.6838,2.6838,0.0000,0.0000,,,130.0000,85.4790,0.0000,
S1S,H2,9.2998,9.2998,358.8309,1.1691,0.0000,N,N,L2.6101,L2.6806,5.1997,0.5000,EMULSION 1.12[8.7998],8.7998,EMULSION 1.12[8.7998],8.7998,EMULSION 1.12[0.5000],0.5000,9.2998,EMULSION 1.12,EMULSION 1.12[44.7105],44.7105,76 mm,0.0000,0.0000,1,2.0000[0],7.2998[0],0,,,{6909.0715:-23439.7826:-1046.3328},6909.0715,-23439.7826,-1046.3328,{6909.2168:-23439.9045:-1037.0349},6909.2168,-23439.9045,-1037.0349,0.0000,,,SIMBA S7-D,N,3,1.7470,1.7470,0.0000,0.0000,,,130.0000,88.8309,0.0000,
S1S,H3,9.2550,9.2550,359.5453,0.4547,0.0000,N,N,L1.3091,L1.3397,5.6072,0.5000,EMULSION 1.12[8.7550],8.7550,EMULSION 1.12[8.7550],8.7550,EMULSION 1.12[0.5000],0.5000,9.2550,EMULSION 1.12,EMULSION 1.12[44.4825],44.4825,76 mm,0.0000,0.0000,1,1.0000[0],8.2550[0],0,,,{6908.0443:-23438.9206:-1045.9253},6908.0443,-23438.9206,-1045.9253,{6908.1005:-23438.9678:-1036.6706},6908.1005,-23438.9678,-1036.6706,0.0000,,,SIMBA S7-D,N,2,1.7470,1.7470,0.0000,0.0000,,,130.0000,89.5453,0.0000,
S1S,H4,9.2782,9.2782,0.4476,359.5524,0.0000,N,N,R0.0441,R0.0757,5.7922,0.5000,EMULSION 1.12[8.7782],8.7782,EMULSION 1.12[8.7782],8.7782,EMULSION 1.12[0.5000],0.5000,9.2782,EMULSION 1.12,EMULSION 1.12[44.6007],44.6007,76 mm,0.0000,0.0000,1,2.0000[0],7.2782[0],0,,,{6906.9600:-23438.0109:-1045.7404},6906.9600,-23438.0109,-1045.7404,{6906.9045:-23437.9643:-1036.4625},6906.9045,-23437.9643,-1036.4625,0.0000,,,SIMBA S7-D,N,1,1.7470,1.7470,0.0000,0.0000,,,310.0000,89.5524,0.0000,
S1S,H5,9.2292,9.2292,0.2247,359.7753,0.0000,N,N,R1.6574,R1.6733,5.8410,0.5000,EMULSION 1.12[8.7292],8.7292,EMULSION 1.12[8.7292],8.7292,EMULSION 1.12[0.5000],0.5000,9.2292,EMULSION 1.12,EMULSION 1.12[44.3517],44.3517,76 mm,0.0000,0.0000,1,1.0000[0],8.2292[0],0,,,{6905.7362:-23436.9839:-1045.6916},6905.7362,-23436.9839,-1045.6916,{6905.7085:-23436.9607:-1036.4625},6905.7085,-23436.9607,-1036.4625,0.0000,,,SIMBA S7-D,N,4,1.7990,1.7990,0.0000,0.0000,,,310.0000,89.7753,0.0000,
S1S,H6,8.4834,8.4834,2.8744,357.1256,0.0000,N,N,R2.3860,R2.5851,5.8688,0.5000,EMULSION 1.12[7.9834],7.9834,EMULSION 1.12[7.9834],7.9834,EMULSION 1.12[0.5000],0.5000,8.4834,EMULSION 1.12,EMULSION 1.12[40.5621],40.5621,76 mm,0.0000,0.0000,1,1.0000[0],7.4834[0],0,,,{6905.0377:-23436.3978:-1045.6637},6905.0377,-23436.3978,-1045.6637,{6904.7118:-23436.1244:-1037.1911},6904.7118,-23436.1244,-1037.1911,0.0000,,,SIMBA S7-D,N,5,1.9031,1.9031,0.0000,0.0000,,,310.0000,87.1256,0.0000,
S2S,H1,8.2346,8.2346,355.6600,4.3400,0.0000,N,N,L3.3908,L3.6524,5.0998,2.4869,EMULSION 1.12[5.7477],5.7477,EMULSION 1.12[5.7477],5.7477,EMULSION 1.12[2.4869],2.4869,8.2346,EMULSION 1.12,EMULSION 1.12[29.2034],29.2034,76 mm,0.0000,0.0000,1,0.0000[0],8.2346[0],0,,,{6908.7958:-23441.4187:-1046.5470},6908.7958,-23441.4187,-1046.5470,{6909.2801:-23441.8108:-1038.3360},6909.2801,-23441.8108,-1038.3360,0.0000,,,SIMBA S7-D,N,6,1.6531,1.6531,0.0000,0.0000,,,129.0000,85.6600,0.0000,
S2S,H2,9.0840,9.0840,359.2079,0.7921,0.0000,N,N,L2.9744,L3.0050,5.2686,0.5000,EMULSION 1.12[8.5840],8.5840,EMULSION 1.12[8.5840],8.5840,EMULSION 1.12[0.5000],0.5000,9.0840,EMULSION 1.12,EMULSION 1.12[43.6137],43.6137,76 mm,0.0000,0.0000,1,2.0000[0],7.0840[0],0,,,{6908.2927:-23441.0113:-1046.3782},6908.2927,-23441.0113,-1046.3782,{6908.3903:-23441.0903:-1037.2952},6908.3903,-23441.0903,-1037.2952,0.0000,,,SIMBA S7-D,N,3,3.0583,3.0583,0.0000,0.0000,,,129.0000,89.2079,0.0000,
S2S,H3,8.9669,8.9669,0.0000,0.0000,0.0000,N,N,L1.5693,L1.5693,5.5409,0.5000,EMULSION 1.12[8.4669],8.4669,EMULSION 1.12[8.4669],8.4669,EMULSION 1.12[0.5000],0.5000,8.9669,EMULSION 1.12,EMULSION 1.12[43.0190],43.0190,76 mm,0.0000,0.0000,1,1.0000[0],7.9669[0],0,,,{6907.1769:-23440.1077:-1046.1059},6907.1769,-23440.1077,-1046.1059,{6907.1769:-23440.1077:-1037.1390},6907.1769,-23440.1077,-1037.1390,0.0000,,,SIMBA S7-D,N,2,1.9653,1.9653,0.0000,0.0000,,,0.0000,90.0000,0.0000,
S2S,H4,8.9764,8.9764,0.4621,359.5379,0.0000,N,N,L0.1121,L0.0804,5.8440,0.5000,EMULSION 1.12[8.4764],8.4764,EMULSION 1.12[8.4764],8.4764,EMULSION 1.12[0.5000],0.5000,8.9764,EMULSION 1.12,EMULSION 1.12[43.0670],43.0670,76 mm,0.0000,0.0000,1,2.0000[0],6.9764[0],0,,,{6906.0198:-23439.1707:-1045.8028},6906.0198,-23439.1707,-1045.8028,{6905.9635:-23439.1252:-1036.8268},6905.9635,-23439.1252,-1036.8268,0.0000,,,SIMBA S7-D,N,1,1.9133,1.9133,0.0000,0.0000,,,309.0000,89.5379,0.0000,
S2S,H5,8.8404,8.8404,1.0007,358.9993,0.0000,N,N,R1.1370,R1.1908,6.0331,0.5000,EMULSION 1.12[8.3404],8.3404,EMULSION 1.12[8.3404],8.3404,EMULSION 1.12[0.5000],0.5000,8.8404,EMULSION 1.12,EMULSION 1.12[42.3762],42.3762,76 mm,0.0000,0.0000,1,1.0000[0],7.8404[0],0,,,{6905.0319:-23438.3708:-1045.6138},6905.0319,-23438.3708,-1045.6138,{6904.9120:-23438.2736:-1036.7747},6904.9120,-23438.2736,-1036.7747,0.0000,,,SIMBA S7-D,N,4,2.9542,2.9542,0.0000,0.0000,,,309.0000,88.9993,0.0000,
S2S,H6,8.4271,8.4271,8.1650,351.8350,0.0000,N,N,R1.1370,R1.6576,5.4375,2.4799,EMULSION 1.12[5.9472],5.9472,EMULSION 1.12[5.9472],5.9472,EMULSION 1.12[2.4799],2.4799,8.4271,EMULSION 1.12,EMULSION 1.12[30.2166],30.2166,76 mm,0.0000,0.0000,1,0.0000[0],8.4271[0],0,,,{6904.6692:-23438.0770:-1046.2093},6904.6692,-23438.0770,-1046.2093,{6903.7390:-23437.3238:-1037.8676},6903.7390,-23437.3238,-1037.8676,0.0000,,,SIMBA S7-D,N,5,1.8092,1.8092,0.0000,0.0000,,,309.0000,81.8350,0.0000,
S3S,H1,8.6321,8.6321,359.2079,0.7921,0.0000,N,N,L2.9744,L3.0011,4.9849,0.5000,EMULSION 1.12[8.1321],8.1321,EMULSION 1.12[8.1321],8.1321,EMULSION 1.12[0.5000],0.5000,8.6321,EMULSION 1.12,EMULSION 1.12[41.3179],41.3179,76 mm,0.0000,0.0000,1,1.0000[0],7.6321[0],0,,,{6907.1956:-23442.1099:-1046.2810},6907.1956,-23442.1099,-1046.2810,{6907.2871:-23442.1866:-1037.6497},6907.2871,-23442.1866,-1037.6497,0.0000,,,SIMBA S7-D,N,3,3.0583,3.0583,0.0000,0.0000,,,130.0000,89.2079,0.0000,
S3S,H2,8.8098,8.8098,0.0000,0.0000,0.0000,N,N,L1.5693,L1.5693,5.1183,0.5000,EMULSION 1.12[8.3098],8.3098,EMULSION 1.12[8.3098],8.3098,EMULSION 1.12[0.5000],0.5000,8.8098,EMULSION 1.12,EMULSION 1.12[42.2209],42.2209,76 mm,0.0000,0.0000,1,2.0000[0],6.8098[0],0,,,{6906.0988:-23441.1895:-1046.1476},6906.0988,-23441.1895,-1046.1476,{6906.0988:-23441.1895:-1037.3377},6906.0988,-23441.1895,-1037.3377,0.0000,,,SIMBA S7-D,N,2,1.9653,1.9653,0.0000,0.0000,,,0.0000,90.0000,0.0000,
S3S,H3,8.8351,8.8351,0.4621,359.5379,0.0000,N,N,L0.1121,L0.0857,5.1874,0.5000,EMULSION 1.12[8.3351],8.3351,EMULSION 1.12[8.3351],8.3351,EMULSION 1.12[0.5000],0.5000,8.8351,EMULSION 1.12,EMULSION 1.12[42.3492],42.3492,76 mm,0.0000,0.0000,1,1.0000[0],7.8351[0],0,,,{6904.9623:-23440.2359:-1046.0785},6904.9623,-23440.2359,-1046.0785,{6904.9077:-23440.1901:-1037.2437},6904.9077,-23440.1901,-1037.2437,0.0000,,,SIMBA S7-D,N,1,1.9133,1.9133,0.0000,0.0000,,,310.0000,89.5379,0.0000,
S3S,H4,8.6003,8.6003,1.0007,358.9993,0.0000,N,N,R1.1370,R1.1805,5.4450,0.5000,EMULSION 1.12[8.1003],8.1003,EMULSION 1.12[8.1003],8.1003,EMULSION 1.12[0.5000],0.5000,8.6003,EMULSION 1.12,EMULSION 1.12[41.1561],41.1561,76 mm,0.0000,0.0000,1,2.0000[0],6.6003[0],0,,,{6903.9924:-23439.4220:-1045.8209},6903.9924,-23439.4220,-1045.8209,{6903.8773:-23439.3255:-1037.2219},6903.8773,-23439.3255,-1037.2219,0.0000,,,SIMBA S7-D,N,4,2.9542,2.9542,0.0000,0.0000,,,310.0000,88.9993,0.0000,
S3S,H5,8.5562,8.5562,9.5667,350.4333,0.0000,N,N,R1.2758,R1.8054,4.8136,2.4675,EMULSION 1.12[6.0887],6.0887,EMULSION 1.12[6.0887],6.0887,EMULSION 1.12[2.4675],2.4675,8.5562,EMULSION 1.12,EMULSION 1.12[30.9356],30.9356,76 mm,0.0000,0.0000,1,1.0000[0],7.5562[0],0,,,{6903.5137:-23439.0203:-1046.4523},6903.5137,-23439.0203,-1046.4523,{6902.4244:-23438.1063:-1038.0151},6902.4244,-23438.1063,-1038.0151,0.0000,,,SIMBA S7-D,N,7,1.6711,1.6711,0.0000,0.0000,,,310.0000,80.4333,0.0000,
S4S,H1,8.1146,8.1146,359.2079,0.7921,0.0000,N,N,L2.8674,L2.8947,5.0341,0.5000,EMULSION 1.12[7.6146],7.6146,EMULSION 1.12[7.6146],7.6146,EMULSION 1.12[0.5000],0.5000,8.1146,EMULSION 1.12,EMULSION 1.12[38.6887],38.6887,76 mm,0.0000,0.0000,1,1.0000[0],7.1146[0],0,,,{6905.8553:-23442.8636:-1046.0951},6905.8553,-23442.8636,-1046.0951,{6905.9410:-23442.9360:-1037.9813},6905.9410,-23442.9360,-1037.9813,0.0000,,,SIMBA S7-D,N,3,3.0583,3.0583,0.0000,0.0000,,,130.1986,89.2079,0.0000,
S4S,H2,8.0459,8.0459,0.0000,0.0000,0.0000,N,N,L1.5693,L1.5693,5.2413,0.5000,EMULSION 1.12[7.5459],7.5459,EMULSION 1.12[7.5459],7.5459,EMULSION 1.12[0.5000],0.5000,8.0459,EMULSION 1.12,EMULSION 1.12[38.3392],38.3392,76 mm,0.0000,0.0000,1,2.0000[0],6.0459[0],0,,,{6904.8429:-23442.0081:-1045.8879},6904.8429,-23442.0081,-1045.8879,{6904.8429:-23442.0081:-1037.8421},6904.8429,-23442.0081,-1037.8421,0.0000,,,SIMBA S7-D,N,2,1.9653,1.9653,0.0000,0.0000,,,0.0000,90.0000,0.0000,
S4S,H3,7.9901,7.9901,0.4621,359.5379,0.0000,N,N,L0.1121,L0.0835,5.4528,0.5000,EMULSION 1.12[7.4901],7.4901,EMULSION 1.12[7.4901],7.4901,EMULSION 1.12[0.5000],0.5000,7.9901,EMULSION 1.12,EMULSION 1.12[38.0558],38.0558,76 mm,0.0000,0.0000,1,1.0000[0],6.9901[0],0,,,{6903.7081:-23441.0491:-1045.6764},6903.7081,-23441.0491,-1045.6764,{6903.6589:-23441.0075:-1037.6866},6903.6589,-23441.0075,-1037.6866,0.0000,,,SIMBA S7-D,N,1,1.9133,1.9133,0.0000,0.0000,,,310.1986,89.5379,0.0000,
S4S,H4,8.1560,8.1560,1.0007,358.9993,0.0000,N,N,R1.1370,R1.1799,5.4131,0.5000,EMULSION 1.12[7.6560],7.6560,EMULSION 1.12[7.6560],7.6560,EMULSION 1.12[0.5000],0.5000,8.1560,EMULSION 1.12,EMULSION 1.12[38.8990],38.8990,76 mm,0.0000,0.0000,1,2.0000[0],6.1560[0],0,,,{6902.7431:-23440.2337:-1045.7162},6902.7431,-23440.2337,-1045.7162,{6902.6343:-23440.1417:-1037.5614},6902.6343,-23440.1417,-1037.5614,0.0000,,,SIMBA S7-D,N,4,2.9542,2.9542,0.0000,0.0000,,,310.1986,88.9993,0.0000,
S4S,H5,7.8747,7.8747,9.3236,350.6764,0.0000,N,N,R1.3972,R1.8389,5.2828,2.1765,EMULSION 1.12[5.6982],5.6982,EMULSION 1.12[5.6982],5.6982,EMULSION 1.12[2.1765],2.1765,7.8747,EMULSION 1.12,EMULSION 1.12[28.9517],28.9517,76 mm,0.0000,0.0000,1,0.0000[0],7.8747[0],0,,,{6902.2398:-23439.8084:-1045.8465},6902.2398,-23439.8084,-1045.8465,{6901.2653:-23438.9849:-1038.0758},6901.2653,-23438.9849,-1038.0758,0.0000,,,SIMBA S7-D,N,7,2.5927,2.5927,0.0000,0.0000,,,310.1986,80.6764,0.0000,
S5S,H1,7.6821,7.6821,359.2079,0.7921,0.0000,N,N,L2.7585,L2.7865,5.0897,0.5000,EMULSION 1.12[7.1821],7.1821,EMULSION 1.12[7.1821],7.1821,EMULSION 1.12[0.5000],0.5000,7.6821,EMULSION 1.12,EMULSION 1.12[36.4910],36.4910,76 mm,0.0000,0.0000,1,1.0000[0],6.6821[0],0,,,{6904.5154:-23443.5244:-1045.9696},6904.5154,-23443.5244,-1045.9696,{6904.5977:-23443.5916:-1038.2882},6904.5977,-23443.5916,-1038.2882,0.0000,,,SIMBA S7-D,N,3,3.0583,3.0583,0.0000,0.0000,,,129.1986,89.2079,0.0000,
S5S,H2,7.4772,7.4772,0.0000,0.0000,0.0000,N,N,L1.5693,L1.5693,5.4472,0.5000,EMULSION 1.12[6.9772],6.9772,EMULSION 1.12[6.9772],6.9772,EMULSION 1.12[0.5000],0.5000,7.4772,EMULSION 1.12,EMULSION 1.12[35.4498],35.4498,76 mm,0.0000,0.0000,1,2.0000[0],5.4772[0],0,,,{6903.5720:-23442.7551:-1045.6121},6903.5720,-23442.7551,-1045.6121,{6903.5720:-23442.7551:-1038.1350},6903.5720,-23442.7551,-1038.1350,0.0000,,,SIMBA S7-D,N,2,1.9653,1.9653,0.0000,0.0000,,,0.0000,90.0000,0.0000,
S5S,H3,7.5653,7.5653,0.4621,359.5379,0.0000,N,N,L0.1121,L0.0834,5.4717,0.5000,EMULSION 1.12[7.0653],7.0653,EMULSION 1.12[7.0653],7.0653,EMULSION 1.12[0.5000],0.5000,7.5653,EMULSION 1.12,EMULSION 1.12[35.8977],35.8977,76 mm,0.0000,0.0000,1,1.0000[0],6.5653[0],0,,,{6902.4205:-23441.8160:-1045.5876},6902.4205,-23441.8160,-1045.5876,{6902.3732:-23441.7775:-1038.0225},6902.3732,-23441.7775,-1038.0225,0.0000,,,SIMBA S7-D,N,1,1.9133,1.9133,0.0000,0.0000,,,309.1986,89.5379,0.0000,
S5S,H4,7.7719,7.7719,1.0007,358.9993,0.0000,N,N,R1.1370,R1.1795,5.3884,0.5000,EMULSION 1.12[7.2719],7.2719,EMULSION 1.12[7.2719],7.2719,EMULSION 1.12[0.5000],0.5000,7.7719,EMULSION 1.12,EMULSION 1.12[36.9473],36.9473,76 mm,0.0000,0.0000,1,2.0000[0],5.7719[0],0,,,{6901.4418:-23441.0179:-1045.6710},6901.4418,-23441.0179,-1045.6710,{6901.3366:-23440.9321:-1037.9002},6901.3366,-23440.9321,-1037.9002,0.0000,,,SIMBA S7-D,N,4,2.9542,2.9542,0.0000,0.0000,,,309.1986,88.9993,0.0000,
S5S,H5,7.9239,7.9239,7.5762,352.4238,0.0000,N,N,R1.4492,R1.8097,5.2328,1.5080,EMULSION 1.12[6.4160],6.4160,EMULSION 1.12[6.4160],6.4160,EMULSION 1.12[1.5080],1.5080,7.9239,EMULSION 1.12,EMULSION 1.12[32.5985],32.5985,76 mm,0.0000,0.0000,1,1.0000[0],6.9239[0],0,,,{6900.9535:-23440.6196:-1045.8265},6900.9535,-23440.6196,-1045.8265,{6900.1438:-23439.9593:-1037.9717},6900.1438,-23439.9593,-1037.9717,0.0000,,,SIMBA S7-D,N,8,2.5228,2.5228,0.0000,0.0000,,,309.1986,82.4238,0.0000,
S1,H1,9.0000,9.0000,0.2634,359.7366,0.0000,N,N,L3.9290,L3.9188,5.0337,1.0000,EMULSION 1.12[8.0000],8.0000,EMULSION 1.12[8.0000],8.0000,EMULSION 1.12[1.0000],1.0000,9.0000,EMULSION 1.12,EMULSION 1.12[40.6467],40.6467,76 mm,0.0000,0.0000,1,1.0000[0],8.0000[0],0,,,{6911.0688:-23439.3843:-1046.2440},6911.0688,-23439.3843,-1046.2440,{6911.0365:-23439.3585:-1037.2441},6911.0365,-23439.3585,-1037.2441,0.0000,,,SIMBA S7-D,N,8,2.6578,2.6578,0.0000,0.0000,,,308.6598,89.7366,0.0000,
S1,H2,9.0000,9.0000,0.2418,359.7582,0.0000,N,N,L3.0255,L3.0112,5.2967,4.0000,EMULSION 1.12[5.0000],5.0000,EMULSION 1.12[5.0000],5.0000,EMULSION 1.12[4.0000],4.0000,9.0000,EMULSION 1.12,EMULSION 1.12[25.4042],25.4042,76 mm,0.0000,0.0000,1,2.0000[0],7.0000[0],0,,,{6910.3601:-23438.8173:-1045.9810},6910.3601,-23438.8173,-1045.9810,{6910.3304:-23438.7936:-1036.9811},6910.3304,-23438.7936,-1036.9811,0.0000,,,SIMBA S7-D,N,6,1.7543,1.7543,0.0000,0.0000,,,308.6598,89.7582,0.0000,
S1,H3,9.0000,9.0000,0.7268,359.2732,0.0000,N,N,L2.1220,L2.0770,5.5129,0.5000,EMULSION 1.12[8.5000],8.5000,EMULSION 1.12[8.5000],8.5000,EMULSION 1.12[0.5000],0.5000,9.0000,EMULSION 1.12,EMULSION 1.12[43.1871],43.1871,76 mm,0.0000,0.0000,1,1.0000[0],8.0000[0],0,,,{6909.6305:-23438.2337:-1045.7648},6909.6305,-23438.2337,-1045.7648,{6909.5414:-23438.1624:-1036.7656},6909.5414,-23438.1624,-1036.7656,0.0000,,,SIMBA S7-D,N,5,1.8045,1.8045,0.0000,0.0000,,,308.6598,89.2732,0.0000,
S1,H8,9.0000,9.0000,0.0957,359.9043,0.0000,N,N,R2.1188,R2.1252,5.7507,0.5000,EMULSION 1.12[8.5000],8.5000,EMULSION 1.12[8.5000],8.5000,EMULSION 1.12[0.5000],0.5000,9.0000,EMULSION 1.12,EMULSION 1.12[43.1871],43.1871,76 mm,0.0000,0.0000,1,1.0000[0],8.0000[0],0,,,{6906.3492:-23435.6086:-1045.5270},6906.3492,-23435.6086,-1045.5270,{6906.3375:-23435.5992:-1036.5270},6906.3375,-23435.5992,-1036.5270,0.0000,,,SIMBA S7-D,N,9,1.7746,1.7746,0.0000,0.0000,,,308.6598,89.9043,0.0000,
S1,H4,9.5000,9.5000,0.0000,0.0000,0.0000,N,N,L0.9835,L0.9835,5.8148,3.4067,EMULSION 1.12[6.0933],6.0933,EMULSION 1.12[6.0933],6.0933,EMULSION 1.12[3.4067],3.4067,9.5000,EMULSION 1.12,EMULSION 1.12[30.9591],30.9591,76 mm,0.0000,0.0000,1,1.0000[0],8.5000[0],0,,,{6908.7767:-23437.5506:-1045.4629},6908.7767,-23437.5506,-1045.4629,{6908.7767:-23437.5506:-1035.9629},6908.7767,-23437.5506,-1035.9629,0.0000,,,SIMBA S7-D,N,11,1.8000,1.8000,0.0000,0.0000,,,0.0000,90.0000,0.0000,
S1,H5,9.5000,9.5000,0.0000,0.0000,0.0000,N,N,L0.2335,L0.2335,5.8383,0.5000,EMULSION 1.12[9.0000],9.0000,EMULSION 1.12[9.0000],9.0000,EMULSION 1.12[0.5000],0.5000,9.5000,EMULSION 1.12,EMULSION 1.12[45.7275],45.7275,76 mm,0.0000,0.0000,1,2.0000[0],7.5000[0],0,,,{6908.1910:-23437.0821:-1045.4394},6908.1910,-23437.0821,-1045.4394,{6908.1910:-23437.0821:-1035.9394},6908.1910,-23437.0821,-1035.9394,0.0000,,,SIMBA S7-D,N,25,1.8000,1.8000,0.0000,0.0000,,,0.0000,90.0000,0.0000,
S1,H6,9.5000,9.5000,0.0000,0.0000,0.0000,N,N,R0.2665,R0.2665,5.7912,6.0754,EMULSION 1.12[3.4246],3.4246,EMULSION 1.12[3.4246],3.4246,EMULSION 1.12[6.0754],6.0754,9.5000,EMULSION 1.12,EMULSION 1.12[17.3998],17.3998,76 mm,0.0000,0.0000,1,1.0000[0],8.5000[0],0,,,{6907.8006:-23436.7697:-1045.4865},6907.8006,-23436.7697,-1045.4865,{6907.8006:-23436.7697:-1035.9865},6907.8006,-23436.7697,-1035.9865,0.0000,,,SIMBA S7-D,N,13,1.8000,1.8000,0.0000,0.0000,,,0.0000,90.0000,0.0000,
S1,H7,9.5000,9.5000,0.0000,0.0000,0.0000,N,N,R1.0165,R1.0165,5.8656,0.5000,EMULSION 1.12[9.0000],9.0000,EMULSION 1.12[9.0000],9.0000,EMULSION 1.12[0.5000],0.5000,9.5000,EMULSION 1.12,EMULSION 1.12[45.7275],45.7275,76 mm,0.0000,0.0000,1,3.0000[0],6.5000[0],0,,,{6907.2149:-23436.3012:-1045.4121},6907.2149,-23436.3012,-1045.4121,{6907.2149:-23436.3012:-1035.9121},6907.2149,-23436.3012,-1035.9121,0.0000,,,SIMBA S7-D,N,2,1.8000,1.8000,0.0000,0.0000,,,0.0000,90.0000,0.0000,
S2,H1,9.0000,9.0000,359.6963,0.3037,0.0000,N,N,L3.3750,L3.3927,5.7005,0.5000,EMULSION 1.12[8.5000],8.5000,EMULSION 1.12[8.5000],8.5000,EMULSION 1.12[0.5000],0.5000,9.0000,EMULSION 1.12,EMULSION 1.12[43.1871],43.1871,76 mm,0.0000,0.0000,1,1.0000[0],8.0000[0],0,,,{6910.9703:-23438.6652:-1046.0137},6910.9703,-23438.6652,-1046.0137,{6911.0076:-23438.6950:-1037.0139},6911.0076,-23438.6950,-1037.0139,0.0000,,,SIMBA S7-D,N,6,1.7008,1.7008,0.0000,0.0000,,,128.6598,89.6963,0.0000,
S2,H2,9.0000,9.0000,0.7538,359.2462,0.0000,N,N,L2.5419,L2.4964,5.8589,0.5000,EMULSION 1.12[8.5000],8.5000,EMULSION 1.12[8.5000],8.5000,EMULSION 1.12[0.5000],0.5000,9.0000,EMULSION 1.12,EMULSION 1.12[43.1871],43.1871,76 mm,0.0000,0.0000,1,2.0000[0],7.0000[0],0,,,{6910.2704:-23438.1053:-1045.8553},6910.2704,-23438.1053,-1045.8553,{6910.1780:-23438.0313:-1036.8561},6910.1780,-23438.0313,-1036.8561,0.0000,,,SIMBA S7-D,N,5,1.7566,1.7566,0.0000,0.0000,,,308.6598,89.2462,0.0000,
S2,H3,9.0000,9.0000,0.6643,359.3357,0.0000,N,N,L1.4612,L1.4172,6.2221,0.5000,EMULSION 1.12[8.5000],8.5000,EMULSION 1.12[8.5000],8.5000,EMULSION 1.12[0.5000],0.5000,9.0000,EMULSION 1.12,EMULSION 1.12[43.1871],43.1871,76 mm,0.0000,0.0000,1,1.0000[0],8.0000[0],0,,,{6909.4277:-23437.4311:-1045.4922},6909.4277,-23437.4311,-1045.4922,{6909.3462:-23437.3659:-1036.4928},6909.3462,-23437.3659,-1036.4928,0.0000,,,SIMBA S7-D,N,4,1.7740,1.7740,0.0000,0.0000,,,308.6598,89.3357,0.0000,
S2,H7,9.0000,9.0000,0.6456,359.3544,0.0000,N,N,R1.2191,R1.2629,6.2463,0.5000,EMULSION 1.12[8.5000],8.5000,EMULSION 1.12[8.5000],8.5000,EMULSION 1.12[0.5000],0.5000,9.0000,EMULSION 1.12,EMULSION 1.12[43.1871],43.1871,76 mm,0.0000,0.0000,1,1.0000[0],8.0000[0],0,,,{6907.3349:-23435.7569:-1045.4680},6907.3349,-23435.7569,-1045.4680,{6907.2557:-23435.6935:-1036.4686},6907.2557,-23435.6935,-1036.4686,0.0000,,,SIMBA S7-D,N,7,1.7098,1.7098,0.0000,0.0000,,,308.6598,89.3544,0.0000,
S2,H4,9.5000,28.5000,0.0000,0.0000,0.0000,N,N,L0.4835,L0.4835,5.9810,0.0000,[0.0000],0.0000,[0.0000],0.0000,[0.0000],0.0000,0.0000,,[0.0000],0.0000,152 mm,0.0000,0.0000,0,,,0,,,{6908.6986:-23436.8478:-1045.7332},6908.6986,-23436.8478,-1045.7332,{6908.6986:-23436.8478:-1036.2332},6908.6986,-23436.8478,-1036.2332,0.0000,,,SIMBA S7-D,N,19,1.8000,1.8000,0.0000,0.0000,,,0.0000,90.0000,0.0000,
S2,H5,9.5000,28.5000,0.0000,0.0000,0.0000,N,N,R0.0165,R0.0165,5.9985,0.0000,[0.0000],0.0000,[0.0000],0.0000,[0.0000],0.0000,0.0000,,[0.0000],0.0000,152 mm,0.0000,0.0000,0,,,0,,,{6908.3081:-23436.5355:-1045.7158},6908.3081,-23436.5355,-1045.7158,{6908.3081:-23436.5355:-1036.2158},6908.3081,-23436.5355,-1036.2158,0.0000,,,SIMBA S7-D,N,24,1.8000,1.8000,0.0000,0.0000,,,0.0000,90.0000,0.0000,
S2,H6,9.5000,28.5000,0.0000,0.0000,0.0000,N,N,R0.5165,R0.5165,6.1977,0.0000,[0.0000],0.0000,[0.0000],0.0000,[0.0000],0.0000,0.0000,,[0.0000],0.0000,152 mm,0.0000,0.0000,0,,,0,,,{6907.9177:-23436.2231:-1045.5166},6907.9177,-23436.2231,-1045.5166,{6907.9177:-23436.2231:-1036.0166},6907.9177,-23436.2231,-1036.0166,0.0000,,,SIMBA S7-D,N,14,1.8000,1.8000,0.0000,0.0000,,,0.0000,90.0000,0.0000,
S3,H1,9.5000,9.5000,0.0000,0.0000,0.0000,N,N,L0.9835,L0.9835,6.3557,0.5000,EMULSION 1.12[9.0000],9.0000,EMULSION 1.12[9.0000],9.0000,EMULSION 1.12[0.5000],0.5000,9.5000,EMULSION 1.12,EMULSION 1.12[45.7275],45.7275,76 mm,0.0000,0.0000,1,1.0000[0],8.5000[0],0,,,{6909.2452:-23436.9649:-1045.3395},6909.2452,-23436.9649,-1045.3395,{6909.2452:-23436.9649:-1035.8395},6909.2452,-23436.9649,-1035.8395,0.0000,,,SIMBA S7-D,N,3,1.8000,1.8000,0.0000,0.0000,,,0.0000,90.0000,0.0000,
S3,H2,10.0000,10.0000,0.0000,0.0000,0.0000,N,N,L0.2335,L0.2335,5.8692,5.7862,EMULSION 1.12[4.2138],4.2138,EMULSION 1.12[4.2138],4.2138,EMULSION 1.12[5.7862],5.7862,10.0000,EMULSION 1.12,EMULSION 1.12[21.4095],21.4095,76 mm,0.0000,0.0000,1,2.0000[0],8.0000[0],0,,,{6908.6595:-23436.4964:-1045.8259},6908.6595,-23436.4964,-1045.8259,{6908.6595:-23436.4964:-1035.8259},6908.6595,-23436.4964,-1035.8259,0.0000,,,SIMBA S7-D,N,22,1.8000,1.8000,0.0000,0.0000,,,0.0000,90.0000,0.0000,
S3,H3,10.0000,10.0000,0.0000,0.0000,0.0000,N,N,R0.2665,R0.2665,6.0684,0.5000,EMULSION 1.12[9.5000],9.5000,EMULSION 1.12[9.5000],9.5000,EMULSION 1.12[0.5000],0.5000,10.0000,EMULSION 1.12,EMULSION 1.12[48.2679],48.2679,76 mm,0.0000,0.0000,1,1.0000[0],9.0000[0],0,,,{6908.2691:-23436.1841:-1045.6268},6908.2691,-23436.1841,-1045.6268,{6908.2691:-23436.1841:-1035.6268},6908.2691,-23436.1841,-1035.6268,0.0000,,,SIMBA S7-D,N,4,1.8000,1.8000,0.0000,0.0000,,,0.0000,90.0000,0.0000,
S3,H4,10.0000,10.0000,0.0000,0.0000,0.0000,N,N,R1.0165,R1.0165,6.1802,1.8504,EMULSION 1.12[8.1496],8.1496,EMULSION 1.12[8.1496],8.1496,EMULSION 1.12[1.8504],1.8504,10.0000,EMULSION 1.12,EMULSION 1.12[41.4067],41.4067,76 mm,0.0000,0.0000,1,3.0000[0],7.0000[0],0,,,{6907.6834:-23435.7155:-1045.5150},6907.6834,-23435.7155,-1045.5150,{6907.6834:-23435.7155:-1035.5150},6907.6834,-23435.7155,-1035.5150,0.0000,,,SIMBA S7-D,N,5,1.8000,1.8000,0.0000,0.0000,,,0.0000,90.0000,0.0000,
S4,H1,9.0000,9.0000,359.8979,0.1021,0.0000,N,N,L3.6384,L3.6443,5.8267,0.5000,EMULSION 1.12[8.5000],8.5000,EMULSION 1.12[8.5000],8.5000,EMULSION 1.12[0.5000],0.5000,9.0000,EMULSION 1.12,EMULSION 1.12[43.1871],43.1871,76 mm,0.0000,0.0000,1,1.0000[0],8.0000[0],0,,,{6911.4791:-23438.4319:-1045.8440},6911.4791,-23438.4319,-1045.8440,{6911.4916:-23438.4419:-1036.8440},6911.4916,-23438.4419,-1036.8440,0.0000,,,SIMBA S7-D,N,4,1.8328,1.8328,0.0000,0.0000,,,128.6598,89.8979,0.0000,
S4,H2,9.0000,9.0000,0.2010,359.7990,0.0000,N,N,L2.7599,L2.7482,5.8128,4.0076,EMULSION 1.12[4.9924],4.9924,EMULSION 1.12[4.9924],4.9924,EMULSION 1.12[4.0076],4.0076,9.0000,EMULSION 1.12,EMULSION 1.12[25.3654],25.3654,76 mm,0.0000,0.0000,1,2.0000[0],7.0000[0],0,,,{6910.7794:-23437.8721:-1045.8579},6910.7794,-23437.8721,-1045.8579,{6910.7547:-23437.8524:-1036.8579},6910.7547,-23437.8524,-1036.8579,0.0000,,,SIMBA S7-D,N,7,1.8119,1.8119,0.0000,0.0000,,,308.6598,89.7990,0.0000,
S4,H3,9.0000,9.0000,0.1003,359.8997,0.0000,N,N,L1.9861,L1.9800,5.9530,0.5000,EMULSION 1.12[8.5000],8.5000,EMULSION 1.12[8.5000],8.5000,EMULSION 1.12[0.5000],0.5000,9.0000,EMULSION 1.12,EMULSION 1.12[43.1871],43.1871,76 mm,0.0000,0.0000,1,1.0000[0],8.0000[0],0,,,{6910.1795:-23437.3923:-1045.7176},6910.1795,-23437.3923,-1045.7176,{6910.1672:-23437.3824:-1036.7176},6910.1672,-23437.3824,-1036.7176,0.0000,,,SIMBA S7-D,N,6,1.8537,1.8537,0.0000,0.0000,,,308.6598,89.8997,0.0000,
S4,H4,9.0000,9.0000,0.0000,0.0000,0.0000,N,N,L1.1076,L1.1076,6.3502,0.5000,EMULSION 1.12[8.5000],8.5000,EMULSION 1.12[8.5000],8.5000,EMULSION 1.12[0.5000],0.5000,9.0000,EMULSION 1.12,EMULSION 1.12[43.1871],43.1871,76 mm,0.0000,0.0000,1,2.0000[0],7.0000[0],0,,,{6909.4983:-23436.8473:-1045.3205},6909.4983,-23436.8473,-1045.3205,{6909.4983:-23436.8473:-1036.3205},6909.4983,-23436.8473,-1036.3205,0.0000,,,SIMBA S7-D,N,5,2.7112,2.7112,0.0000,0.0000,,,0.0000,90.0000,0.0000,
S4,H8,9.0000,9.0000,359.9014,0.0986,0.0000,N,N,R1.3394,R1.3332,6.1378,0.5000,EMULSION 1.12[8.5000],8.5000,EMULSION 1.12[8.5000],8.5000,EMULSION 1.12[0.5000],0.5000,9.0000,EMULSION 1.12,EMULSION 1.12[43.1871],43.1871,76 mm,0.0000,0.0000,1,1.0000[0],8.0000[0],0,,,{6907.5923:-23435.3225:-1045.5328},6907.5923,-23435.3225,-1045.5328,{6907.6044:-23435.3322:-1036.5328},6907.6044,-23435.3322,-1036.5328,0.0000,,,SIMBA S7-D,N,8,1.8537,1.8537,0.0000,0.0000,,,128.6598,89.9014,0.0000,
S4,H5,10.0000,30.0000,0.0000,0.0000,0.0000,N,N,L0.4835,L0.4835,5.7345,0.0000,[0.0000],0.0000,[0.0000],0.0000,[0.0000],0.0000,0.0000,,[0.0000],0.0000,152 mm,0.0000,0.0000,0,,,0,,,{6909.0109:-23436.4574:-1045.9361},6909.0109,-23436.4574,-1045.9361,{6909.0109:-23436.4574:-1035.9361},6909.0109,-23436.4574,-1035.9361,0.0000,,,SIMBA S7-D,N,12,1.8000,1.8000,0.0000,0.0000,,,0.0000,90.0000,0.0000,
S4,H6,10.0000,30.0000,0.0000,0.0000,0.0000,N,N,R0.0165,R0.0165,5.9337,0.0000,[0.0000],0.0000,[0.0000],0.0000,[0.0000],0.0000,0.0000,,[0.0000],0.0000,152 mm,0.0000,0.0000,0,,,0,,,{6908.6205:-23436.1450:-1045.7369},6908.6205,-23436.1450,-1045.7369,{6908.6205:-23436.1450:-1035.7369},6908.6205,-23436.1450,-1035.7369,0.0000,,,SIMBA S7-D,N,17,1.8000,1.8000,0.0000,0.0000,,,0.0000,90.0000,0.0000,
S4,H7,10.0000,30.0000,0.0000,0.0000,0.0000,N,N,R0.5165,R0.5165,6.1090,0.0000,[0.0000],0.0000,[0.0000],0.0000,[0.0000],0.0000,0.0000,,[0.0000],0.0000,152 mm,0.0000,0.0000,0,,,0,,,{6908.2301:-23435.8327:-1045.5617},6908.2301,-23435.8327,-1045.5617,{6908.2301:-23435.8327:-1035.5617},6908.2301,-23435.8327,-1035.5617,0.0000,,,SIMBA S7-D,N,20,1.8000,1.8000,0.0000,0.0000,,,0.0000,90.0000,0.0000,
S5,H1,9.5000,9.5000,0.0000,0.0000,0.0000,N,N,L0.9835,L0.9835,6.2551,1.0000,[8.5000],8.5000,[8.5000],8.5000,[1.0000],1.0000,9.5000,,[38.5599],38.5599,76 mm,0.0000,0.0000,1,1.0000[0],8.5000[0],0,,,{6909.5575:-23436.5745:-1045.3980},6909.5575,-23436.5745,-1045.3980,{6909.5575:-23436.5745:-1035.8980},6909.5575,-23436.5745,-1035.8980,0.0000,,,SIMBA S7-D,N,6,1.8000,1.8000,0.0000,0.0000,,,0.0000,90.0000,0.0000,
S5,H2,10.0000,10.0000,0.0000,0.0000,0.0000,N,N,L0.2335,L0.2335,5.8059,5.0000,[5.0000],5.0000,[5.0000],5.0000,[5.0000],5.0000,10.0000,,[22.6823],22.6823,76 mm,0.0000,0.0000,1,2.0000[0],8.0000[0],0,,,{6908.9719:-23436.1060:-1045.8471},6908.9719,-23436.1060,-1045.8471,{6908.9719:-23436.1060:-1035.8471},6908.9719,-23436.1060,-1035.8471,0.0000,,,SIMBA S7-D,N,23,1.8000,1.8000,0.0000,0.0000,,,0.0000,90.0000,0.0000,
S5,H3,10.0000,10.0000,0.0000,0.0000,0.0000,N,N,R0.2665,R0.2665,6.0051,1.0000,[9.0000],9.0000,[9.0000],9.0000,[1.0000],1.0000,10.0000,,[40.8281],40.8281,76 mm,0.0000,0.0000,1,1.0000[0],9.0000[0],0,,,{6908.5814:-23435.7936:-1045.6479},6908.5814,-23435.7936,-1045.6479,{6908.5814:-23435.7936:-1035.6479},6908.5814,-23435.7936,-1035.6479,0.0000,,,SIMBA S7-D,N,18,1.8000,1.8000,0.0000,0.0000,,,0.0000,90.0000,0.0000,
S5,H4,10.0000,10.0000,0.0000,0.0000,0.0000,N,N,R1.0165,R1.0165,6.0800,4.0000,[6.0000],6.0000,[6.0000],6.0000,[4.0000],4.0000,10.0000,,[27.2188],27.2188,76 mm,0.0000,0.0000,1,3.0000[0],7.0000[0],0,,,{6907.9958:-23435.3251:-1045.5731},6907.9958,-23435.3251,-1045.5731,{6907.9958:-23435.3251:-1035.5731},6907.9958,-23435.3251,-1035.5731,0.0000,,,SIMBA S7-D,N,7,1.8000,1.8000,0.0000,0.0000,,,0.0000,90.0000,0.0000,
S6,H1,9.5000,9.5000,0.4785,359.5215,0.0000,N,N,L2.4341,L2.4057,5.8937,0.5000,EMULSION 1.12[9.0000],9.0000,EMULSION 1.12[9.0000],9.0000,EMULSION 1.12[0.5000],0.5000,9.5000,EMULSION 1.12,EMULSION 1.12[45.7275],45.7275,76 mm,0.0000,0.0000,1,1.0000[0],8.5000[0],0,,,{6910.8243:-23437.2678:-1045.7686},6910.8243,-23437.2678,-1045.7686,{6910.7623:-23437.2182:-1036.2690},6910.7623,-23437.2182,-1036.2690,0.0000,,,SIMBA S7-D,N,5,1.8297,1.8297,0.0000,0.0000,,,308.6598,89.5215,0.0000,
S6,H2,9.5000,9.5000,359.9022,0.0978,0.0000,N,N,L1.3046,L1.3111,6.2390,3.7370,EMULSION 1.12[5.7630],5.7630,EMULSION 1.12[5.7630],5.7630,EMULSION 1.12[3.7370],3.7370,9.5000,EMULSION 1.12,EMULSION 1.12[29.2807],29.2807,76 mm,0.0000,0.0000,1,2.0000[0],7.5000[0],0,,,{6909.9695:-23436.5839:-1045.4234},6909.9695,-23436.5839,-1045.4234,{6909.9822:-23436.5941:-1035.9234},6909.9822,-23436.5941,-1035.9234,0.0000,,,SIMBA S7-D,N,4,1.8046,1.8046,0.0000,0.0000,,,128.6598,89.9022,0.0000,
S6,H6,9.5000,9.5000,0.2344,359.7656,0.0000,N,N,R1.4311,R1.4458,6.0755,0.5000,EMULSION 1.12[9.0000],9.0000,EMULSION 1.12[9.0000],9.0000,EMULSION 1.12[0.5000],0.5000,9.5000,EMULSION 1.12,EMULSION 1.12[45.7275],45.7275,76 mm,0.0000,0.0000,1,1.0000[0],8.5000[0],0,,,{6907.8168:-23434.8618:-1045.5869},6907.8168,-23434.8618,-1045.5869,{6907.7864:-23434.8375:-1036.0870},6907.7864,-23434.8375,-1036.0870,0.0000,,,SIMBA S7-D,N,6,1.8096,1.8096,0.0000,0.0000,,,308.6598,89.7656,0.0000,
S6,H3,10.0000,30.0000,0.0000,0.0000,0.0000,N,N,L0.4835,L0.4835,5.7498,0.0000,[0.0000],0.0000,[0.0000],0.0000,[0.0000],0.0000,0.0000,,[0.0000],0.0000,152 mm,0.0000,0.0000,0,,,0,,,{6909.3233:-23436.0669:-1045.9126},6909.3233,-23436.0669,-1045.9126,{6909.3233:-23436.0669:-1035.9126},6909.3233,-23436.0669,-1035.9126,0.0000,,,SIMBA S7-D,N,16,1.8000,1.8000,0.0000,0.0000,,,0.0000,90.0000,0.0000,
S6,H4,10.0000,30.0000,0.0000,0.0000,0.0000,N,N,R0.0165,R0.0165,5.9043,0.0000,[0.0000],0.0000,[0.0000],0.0000,[0.0000],0.0000,0.0000,,[0.0000],0.0000,152 mm,0.0000,0.0000,0,,,0,,,{6908.9328:-23435.7546:-1045.7581},6908.9328,-23435.7546,-1045.7581,{6908.9328:-23435.7546:-1035.7581},6908.9328,-23435.7546,-1035.7581,0.0000,,,SIMBA S7-D,N,15,1.8000,1.8000,0.0000,0.0000,,,0.0000,90.0000,0.0000,
S6,H5,10.0000,30.0000,0.0000,0.0000,0.0000,N,N,R0.5165,R0.5165,6.0426,0.0000,[0.0000],0.0000,[0.0000],0.0000,[0.0000],0.0000,0.0000,,[0.0000],0.0000,152 mm,0.0000,0.0000,0,,,0,,,{6908.5424:-23435.4422:-1045.6198},6908.5424,-23435.4422,-1045.6198,{6908.5424:-23435.4422:-1035.6198},6908.5424,-23435.4422,-1035.6198,0.0000,,,SIMBA S7-D,N,21,1.8000,1.8000,0.0000,0.0000,,,0.0000,90.0000,0.0000,
S7,H1,9.0000,9.0000,359.9073,0.0927,0.0000,N,N,L2.9598,L2.9652,5.8623,0.5000,EMULSION 1.12[8.5000],8.5000,EMULSION 1.12[8.5000],8.5000,EMULSION 1.12[0.5000],0.5000,9.0000,EMULSION 1.12,EMULSION 1.12[43.1871],43.1871,76 mm,0.0000,0.0000,1,1.0000[0],8.0000[0],0,,,{6911.5735:-23437.2268:-1045.8187},6911.5735,-23437.2268,-1045.8187,{6911.5849:-23437.2359:-1036.8187},6911.5849,-23437.2359,-1036.8187,0.0000,,,SIMBA S7-D,N,6,1.8091,1.8091,0.0000,0.0000,,,128.6598,89.9073,0.0000,
S7,H2,9.0000,9.0000,0.4621,359.5379,0.0000,N,N,L2.1042,L2.0761,5.9997,4.8934,EMULSION 1.12[4.1066],4.1066,EMULSION 1.12[4.1066],4.1066,EMULSION 1.12[4.8934],4.8934,9.0000,EMULSION 1.12,EMULSION 1.12[20.8652],20.8652,76 mm,0.0000,0.0000,1,2.0000[0],7.0000[0],0,,,{6910.8793:-23436.6714:-1045.6814},6910.8793,-23436.6714,-1045.6814,{6910.8226:-23436.6261:-1036.6817},6910.8226,-23436.6261,-1036.6817,0.0000,,,SIMBA S7-D,N,5,1.8091,1.8091,0.0000,0.0000,,,308.6598,89.5379,0.0000,
S7,H7,9.0000,9.0000,0.4221,359.5779,0.0000,N,N,R1.8431,R1.8689,6.0510,0.5000,EMULSION 1.12[8.5000],8.5000,EMULSION 1.12[8.5000],8.5000,EMULSION 1.12[0.5000],0.5000,9.0000,EMULSION 1.12,EMULSION 1.12[43.1871],43.1871,76 mm,0.0000,0.0000,1,1.0000[0],8.0000[0],0,,,{6907.7987:-23434.2070:-1045.6301},6907.7987,-23434.2070,-1045.6301,{6907.7470:-23434.1656:-1036.6303},6907.7470,-23434.1656,-1036.6303,0.0000,,,SIMBA S7-D,N,7,1.8396,1.8396,0.0000,0.0000,,,308.6598,89.5779,0.0000,
S7,H3,10.0000,10.0000,0.0000,0.0000,0.0000,N,N,L0.9835,L0.9835,6.1468,0.5000,EMULSION 1.12[9.5000],9.5000,EMULSION 1.12[9.5000],9.5000,EMULSION 1.12[0.5000],0.5000,10.0000,EMULSION 1.12,EMULSION 1.12[48.2679],48.2679,76 mm,0.0000,0.0000,1,1.0000[0],9.0000[0],0,,,{6910.0261:-23435.9889:-1045.5342},6910.0261,-23435.9889,-1045.5342,{6910.0261:-23435.9889:-1035.5342},6910.0261,-23435.9889,-1035.5342,0.0000,,,SIMBA S7-D,N,8,1.8000,1.8000,0.0000,0.0000,,,0.0000,90.0000,0.0000,
S7,H4,10.0000,10.0000,0.0000,0.0000,0.0000,N,N,L0.2335,L0.2335,5.8367,5.4482,EMULSION 1.12[4.5518],4.5518,EMULSION 1.12[4.5518],4.5518,EMULSION 1.12[5.4482],5.4482,10.0000,EMULSION 1.12,EMULSION 1.12[23.1269],23.1269,76 mm,0.0000,0.0000,1,2.0000[0],8.0000[0],0,,,{6909.4404:-23435.5203:-1045.8444},6909.4404,-23435.5203,-1045.8444,{6909.4404:-23435.5203:-1035.8444},6909.4404,-23435.5203,-1035.8444,0.0000,,,SIMBA S7-D,N,9,1.8000,1.8000,0.0000,0.0000,,,0.0000,90.0000,0.0000,
S7,H5,10.0000,10.0000,0.0000,0.0000,0.0000,N,N,R0.2665,R0.2665,5.9944,0.5000,EMULSION 1.12[9.5000],9.5000,EMULSION 1.12[9.5000],9.5000,EMULSION 1.12[0.5000],0.5000,10.0000,EMULSION 1.12,EMULSION 1.12[48.2679],48.2679,76 mm,0.0000,0.0000,1,1.0000[0],9.0000[0],0,,,{6909.0500:-23435.2080:-1045.6867},6909.0500,-23435.2080,-1045.6867,{6909.0500:-23435.2080:-1035.6867},6909.0500,-23435.2080,-1035.6867,0.0000,,,SIMBA S7-D,N,1,1.8000,1.8000,0.0000,0.0000,,,0.0000,90.0000,0.0000,
S7,H6,10.0000,10.0000,0.0000,0.0000,0.0000,N,N,R1.0165,R1.0165,6.0209,5.0595,EMULSION 1.12[4.9405],4.9405,EMULSION 1.12[4.9405],4.9405,EMULSION 1.12[5.0595],5.0595,10.0000,EMULSION 1.12,EMULSION 1.12[25.1020],25.1020,76 mm,0.0000,0.0000,1,3.0000[0],7.0000[0],0,,,{6908.4643:-23434.7395:-1045.6602},6908.4643,-23434.7395,-1045.6602,{6908.4643:-23434.7395:-1035.6602},6908.4643,-23434.7395,-1035.6602,0.0000,,,SIMBA S7-D,N,10,1.8000,1.8000,0.0000,0.0000,,,0.0000,90.0000,0.0000,
S1N,H1,9.5654,9.5654,359.5379,0.4621,0.0000,N,N,L1.9309,L1.9622,5.6949,0.5000,EMULSION 1.12[9.0654],9.0654,EMULSION 1.12[9.0654],9.0654,EMULSION 1.12[0.5000],0.5000,9.5654,EMULSION 1.12,EMULSION 1.12[46.0600],46.0600,76 mm,0.0000,0.0000,1,1.0000[0],8.5654[0],0,,,{6908.6009:-23433.0593:-1045.8602},6908.6009,-23433.0593,-1045.8602,{6908.5382:-23433.0143:-1036.2951},6908.5382,-23433.0143,-1036.2951,0.0000,,,SIMBA S7-D,N,7,1.8154,1.8154,0.0000,0.0000,,,305.6598,89.5379,0.0000,
S1N,H2,10.2933,10.2933,0.1032,359.8968,0.0000,N,N,L1.0514,L1.0449,5.5420,0.5000,EMULSION 1.12[9.7933],9.7933,EMULSION 1.12[9.7933],9.7933,EMULSION 1.12[0.5000],0.5000,10.2933,EMULSION 1.12,EMULSION 1.12[49.7580],49.7580,76 mm,0.0000,0.0000,1,2.0000[0],8.2933[0],0,,,{6909.3462:-23433.5940:-1046.0131},6909.3462,-23433.5940,-1046.0131,{6909.3612:-23433.6048:-1035.7198},6909.3612,-23433.6048,-1035.7198,0.0000,,,SIMBA S7-D,N,4,1.9058,1.9058,0.0000,0.0000,,,125.6598,89.8968,0.0000,
S1N,H3,10.2361,10.2361,1.0531,358.9469,0.0000,N,N,L0.0080,R0.0641,5.6388,0.5000,EMULSION 1.12[9.7361],9.7361,EMULSION 1.12[9.7361],9.7361,EMULSION 1.12[0.5000],0.5000,10.2361,EMULSION 1.12,EMULSION 1.12[49.4678],49.4678,76 mm,0.0000,0.0000,1,1.0000[0],9.2361[0],0,,,{6910.2472:-23434.2406:-1045.9162},6910.2472,-23434.2406,-1045.9162,{6910.4001:-23434.3502:-1035.6818},6910.4001,-23434.3502,-1035.6818,0.0000,,,SIMBA S7-D,N,1,1.7174,1.7174,0.0000,0.0000,,,125.6598,88.9469,0.0000,
S1N,H4,10.1282,10.1282,359.9506,0.0494,0.0000,N,N,R1.7917,R1.7883,5.6317,3.1282,EMULSION 1.12[7.0000],7.0000,EMULSION 1.12[7.0000],7.0000,EMULSION 1.12[3.1282],3.1282,10.1282,EMULSION 1.12,EMULSION 1.12[35.5658],35.5658,76 mm,0.0000,0.0000,1,2.0000[0],8.1282[0],0,,,{6911.6482:-23435.2457:-1045.9233},6911.6482,-23435.2457,-1045.9233,{6911.6411:-23435.2406:-1035.7951},6911.6411,-23435.2406,-1035.7951,0.0000,,,SIMBA S7-D,N,5,1.7793,1.7793,0.0000,0.0000,,,305.6598,89.9506,0.0000,
S1N,H5,9.7292,9.7292,1.0838,358.9162,0.0000,N,N,R3.0566,R3.1256,5.5687,0.5000,EMULSION 1.12[9.2292],9.2292,EMULSION 1.12[9.2292],9.2292,EMULSION 1.12[0.5000],0.5000,9.7292,EMULSION 1.12,EMULSION 1.12[46.8921],46.8921,76 mm,0.0000,0.0000,1,1.0000[0],8.7292[0],0,,,{6912.7346:-23436.0253:-1045.9864},6912.7346,-23436.0253,-1045.9864,{6912.8842:-23436.1326:-1036.2589},6912.8842,-23436.1326,-1036.2589,0.0000,,,SIMBA S7-D,N,6,1.9238,1.9238,0.0000,0.0000,,,125.6598,88.9162,0.0000,
S2N,H1,10.4785,10.4785,359.5379,0.4621,0.0000,N,N,L1.9309,L1.9540,4.6761,0.5000,EMULSION 1.12[9.9785],9.9785,EMULSION 1.12[9.9785],9.9785,EMULSION 1.12[0.5000],0.5000,10.4785,EMULSION 1.12,EMULSION 1.12[50.6990],50.6990,76 mm,0.0000,0.0000,1,1.0000[0],9.4785[0],0,,,{6909.2160:-23431.8525:-1046.6543},6909.2160,-23431.8525,-1046.6543,{6909.1440:-23431.8083:-1036.1762},6909.1440,-23431.8083,-1036.1762,0.0000,,,SIMBA S7-D,N,7,1.8154,1.8154,0.0000,0.0000,,,301.5374,89.5379,0.0000,
S2N,H2,10.1514,10.1514,0.1032,359.8968,0.0000,N,N,L1.0514,L1.0451,5.4079,0.5000,EMULSION 1.12[9.6514],9.6514,EMULSION 1.12[9.6514],9.6514,EMULSION 1.12[0.5000],0.5000,10.1514,EMULSION 1.12,EMULSION 1.12[49.0370],49.0370,76 mm,0.0000,0.0000,1,2.0000[0],8.1514[0],0,,,{6909.9906:-23432.3279:-1045.9225},6909.9906,-23432.3279,-1045.9225,{6910.0062:-23432.3375:-1035.7712},6910.0062,-23432.3375,-1035.7712,0.0000,,,SIMBA S7-D,N,4,1.9058,1.9058,0.0000,0.0000,,,121.5374,89.8968,0.0000,
S2N,H3,10.3383,10.3383,1.0531,358.9469,0.0000,N,N,L0.0080,R0.0610,5.4695,0.5000,EMULSION 1.12[9.8383],9.8383,EMULSION 1.12[9.8383],9.8383,EMULSION 1.12[0.5000],0.5000,10.3383,EMULSION 1.12,EMULSION 1.12[49.9866],49.9866,76 mm,0.0000,0.0000,1,1.0000[0],9.3383[0],0,,,{6910.9334:-23432.9065:-1045.8609},6910.9334,-23432.9065,-1045.8609,{6911.0953:-23433.0058:-1035.5244},6911.0953,-23433.0058,-1035.5244,0.0000,,,SIMBA S7-D,N,1,1.7174,1.7174,0.0000,0.0000,,,121.5374,88.9469,0.0000,
S2N,H4,10.4514,10.4514,359.9506,0.0494,0.0000,N,N,R1.7917,R1.7886,5.2882,3.1282,EMULSION 1.12[7.3232],7.3232,EMULSION 1.12[7.3232],7.3232,EMULSION 1.12[3.1282],3.1282,10.4514,EMULSION 1.12,EMULSION 1.12[37.2079],37.2079,76 mm,0.0000,0.0000,1,2.0000[0],8.4514[0],0,,,{6912.4058:-23433.8101:-1046.0422},6912.4058,-23433.8101,-1046.0422,{6912.3982:-23433.8054:-1035.5908},6912.3982,-23433.8054,-1035.5908,0.0000,,,SIMBA S7-D,N,5,1.7793,1.7793,0.0000,0.0000,,,301.5374,89.9506,0.0000,
S2N,H5,11.0428,11.0428,1.0838,358.9162,0.0000,N,N,R3.0566,R3.0984,4.1352,0.5000,EMULSION 1.12[10.5428],10.5428,EMULSION 1.12[10.5428],10.5428,EMULSION 1.12[0.5000],0.5000,11.0428,EMULSION 1.12,EMULSION 1.12[53.5663],53.5663,76 mm,0.0000,0.0000,1,1.0000[0],10.0428[0],0,,,{6913.5222:-23434.4952:-1047.1952},6913.5222,-23434.4952,-1047.1952,{6913.7002:-23434.6045:-1036.1544},6913.7002,-23434.6045,-1036.1544,0.0000,,,SIMBA S7-D,N,6,1.9238,1.9238,0.0000,0.0000,,,121.5374,88.9162,0.0000,
S3N,H1,10.5000,10.5000,359.5379,0.4621,0.0000,N,N,L1.8866,L1.9093,4.6341,0.5000,EMULSION 1.12[10.0000],10.0000,EMULSION 1.12[10.0000],10.0000,EMULSION 1.12[0.5000],0.5000,10.5000,EMULSION 1.12,EMULSION 1.12[50.8083],50.8083,76 mm,0.0000,0.0000,1,1.0000[0],9.5000[0],0,,,{6909.7776:-23430.7586:-1046.5711},6909.7776,-23430.7586,-1046.5711,{6909.6999:-23430.7248:-1036.0714},6909.6999,-23430.7248,-1036.0714,0.0000,,,SIMBA S7-D,N,7,1.8154,1.8154,0.0000,0.0000,,,293.5374,89.5379,0.0000,
S3N,H2,9.8661,9.8661,0.1032,359.8968,0.0000,N,N,L1.0514,L1.0450,5.4744,0.5000,EMULSION 1.12[9.3661],9.3661,EMULSION 1.12[9.3661],9.3661,EMULSION 1.12[0.5000],0.5000,9.8661,EMULSION 1.12,EMULSION 1.12[47.5874],47.5874,76 mm,0.0000,0.0000,1,2.0000[0],7.8661[0],0,,,{6910.5699:-23431.1038:-1045.7308},6910.5699,-23431.1038,-1045.7308,{6910.5862:-23431.1109:-1035.8648},6910.5862,-23431.1109,-1035.8648,0.0000,,,SIMBA S7-D,N,4,1.9058,1.9058,0.0000,0.0000,,,113.5374,89.8968,0.0000,
S3N,H3,9.8706,9.8706,1.0531,358.9469,0.0000,N,N,L0.0080,R0.0605,5.4401,0.5000,EMULSION 1.12[9.3706],9.3706,EMULSION 1.12[9.3706],9.3706,EMULSION 1.12[0.5000],0.5000,9.8706,EMULSION 1.12,EMULSION 1.12[47.6107],47.6107,76 mm,0.0000,0.0000,1,1.0000[0],8.8706[0],0,,,{6911.5835:-23431.5452:-1045.7651},6911.5835,-23431.5452,-1045.7651,{6911.7498:-23431.6177:-1035.8961},6911.7498,-23431.6177,-1035.8961,0.0000,,,SIMBA S7-D,N,1,1.7174,1.7174,0.0000,0.0000,,,113.5374,88.9469,0.0000,
S3N,H4,10.0543,10.0543,0.8814,359.1186,0.0000,N,N,R1.1890,R1.2425,5.1059,0.5000,EMULSION 1.12[9.5543],9.5543,EMULSION 1.12[9.5543],9.5543,EMULSION 1.12[0.5000],0.5000,10.0543,EMULSION 1.12,EMULSION 1.12[48.5440],48.5440,76 mm,0.0000,0.0000,1,2.0000[0],8.0543[0],0,,,{6912.6672:-23432.0173:-1046.0993},6912.6672,-23432.0173,-1046.0993,{6912.8090:-23432.0791:-1036.0461},6912.8090,-23432.0791,-1036.0461,0.0000,,,SIMBA S7-D,N,8,1.6278,1.6278,0.0000,0.0000,,,113.5374,89.1186,0.0000,
S3N,H5,10.0260,10.0260,5.7106,354.2894,0.0000,N,N,R1.6054,R1.9088,4.7145,0.5000,EMULSION 1.12[9.5260],9.5260,EMULSION 1.12[9.5260],9.5260,EMULSION 1.12[0.5000],0.5000,10.0260,EMULSION 1.12,EMULSION 1.12[48.4001],48.4001,76 mm,0.0000,0.0000,1,1.0000[0],9.0260[0],0,,,{6913.2780:-23432.2834:-1046.4908},6913.2780,-23432.2834,-1046.4908,{6914.1927:-23432.6818:-1036.5145},6914.1927,-23432.6818,-1036.5145,0.0000,,,SIMBA S7-D,N,9,1.6798,1.6798,0.0000,0.0000,,,113.5374,84.2894,0.0000,
S4N,H1,10.0000,10.0000,359.5379,0.4621,5.0000,N,N,L1.9309,L1.9518,4.4063,0.5000,EMULSION 1.12[9.5000],9.5000,EMULSION 1.12[9.5000],9.5000,EMULSION 1.12[0.5000],0.5000,10.0000,EMULSION 1.12,EMULSION 1.12[48.2679],48.2679,76 mm,0.0000,0.0000,1,1.0000[0],9.0000[0],0,,,{6910.3307:-23429.4997:-1046.4114},6910.3307,-23429.4997,-1046.4114,{6910.6336:-23428.6786:-1036.4498},6910.6336,-23428.6786,-1036.4498,0.0000,,,SIMBA S7-D,N,7,1.8154,1.8085,0.0000,0.0000,,,20.2509,84.9788,0.0000,
S4N,H2,9.5000,9.5000,0.1032,359.8968,5.0000,N,N,L1.0514,L1.0457,5.1218,0.5000,EMULSION 1.12[9.0000],9.0000,EMULSION 1.12[9.0000],9.0000,EMULSION 1.12[0.5000],0.5000,9.5000,EMULSION 1.12,EMULSION 1.12[45.7275],45.7275,76 mm,0.0000,0.0000,1,2.0000[0],7.5000[0],0,,,{6911.1752:-23429.8341:-1045.6986},6911.1752,-23429.8341,-1045.6986,{6911.5475:-23429.0944:-1036.2348},6911.5475,-23429.0944,-1036.2348,0.0000,,,SIMBA S7-D,N,4,1.9058,1.8985,0.0000,0.0000,,,26.7218,84.9989,0.0000,
S4N,H3,9.5000,9.5000,1.0531,358.9469,5.0000,N,N,L0.0080,R0.0557,5.1825,0.5000,EMULSION 1.12[9.0000],9.0000,EMULSION 1.12[9.0000],9.0000,EMULSION 1.12[0.5000],0.5000,9.5000,EMULSION 1.12,EMULSION 1.12[45.7275],45.7275,76 mm,0.0000,0.0000,1,1.0000[0],8.5000[0],0,,,{6912.1712:-23430.3041:-1045.6381},6912.1712,-23430.3041,-1045.6381,{6912.6856:-23429.6324:-1036.1759},6912.6856,-23429.6324,-1036.1759,0.0000,,,SIMBA S7-D,N,1,1.7174,1.7109,0.0000,0.0000,,,37.4474,84.8906,0.0000,
S4N,H4,10.0000,10.0000,3.1995,356.8005,5.0000,N,N,R0.9115,R1.0834,4.8135,0.5000,EMULSION 1.12[9.5000],9.5000,EMULSION 1.12[9.5000],9.5000,EMULSION 1.12[0.5000],0.5000,10.0000,EMULSION 1.12,EMULSION 1.12[48.2679],48.2679,76 mm,0.0000,0.0000,1,2.0000[0],8.0000[0],0,,,{6913.0846:-23430.7762:-1046.0058},6913.0846,-23430.7762,-1046.0058,{6913.9633:-23430.2316:-1036.0594},6913.9633,-23430.2316,-1036.0594,0.0000,,,SIMBA S7-D,N,9,1.7386,1.7320,0.0000,0.0000,,,58.2130,84.0661,0.0000,
S4N,H5,10.0000,10.0000,6.4044,353.5956,5.0000,N,N,R1.3452,R1.6327,4.2566,0.5000,EMULSION 1.12[9.5000],9.5000,EMULSION 1.12[9.5000],9.5000,EMULSION 1.12[0.5000],0.5000,10.0000,EMULSION 1.12,EMULSION 1.12[48.2679],48.2679,76 mm,0.0000,0.0000,1,1.0000[0],9.0000[0],0,,,{6913.5593:-23431.0568:-1046.5605},6913.5593,-23431.0568,-1046.5605,{6914.9392:-23430.7561:-1036.6608},6914.9392,-23430.7561,-1036.6608,0.0000,,,SIMBA S7-D,N,10,1.6953,1.6888,0.0000,0.0000,,,77.7089,81.8814,0.0000,

